id,Algorithm,Environment,Repetitions,Repetition_id,Population,Generations,Survivors,Random survivors,n,Noise,Average,Median,Maximum,Minimum
0,UMDAc,LunarLanderContinuous-v2,10,0,216,108,0.5,0.0,36,0.0,266.3772551664502,274.89223188486744,310.17054548770244,98.65353475099852
1,UMDAc,LunarLanderContinuous-v2,10,1,216,108,0.5,0.0,36,0.0,265.58065102452935,269.70938196546183,309.17639670342805,161.65719431508916
2,UMDAc,LunarLanderContinuous-v2,10,2,216,108,0.5,0.0,36,0.0,267.3993709487979,270.4437848628587,300.38879450514895,146.0060540500867
3,UMDAc,LunarLanderContinuous-v2,10,3,216,108,0.5,0.0,36,0.0,250.35945452554122,262.22703905863216,297.64713963166037,78.42114725413394
4,UMDAc,LunarLanderContinuous-v2,10,4,216,108,0.5,0.0,36,0.0,261.97984062768,266.3352361511808,297.88633452743414,157.40651350374222
