id,Algorithm,Environment,Repetitions,Repetition_id,Population,Generations,Survivors,Random survivors,n,Noise,Average,Median,Maximum,Minimum
0,UMDAc,LunarLanderContinuous-v2,10,0,216,108,0.5,0.0,36,0.0,266.3772551664502,274.89223188486744,310.17054548770244,98.65353475099852
1,UMDAc,LunarLanderContinuous-v2,10,1,216,108,0.5,0.0,36,0.0,265.58065102452935,269.70938196546183,309.17639670342805,161.65719431508916
